id,firstName,lastName,airportCode,gender,visitedCountry
1,Tailor,Labeuil,CBI,Male,Nigeria
2,Ilsa,Eykelhof,LTS,Female,Ukraine
3,Jake,Wloch,WPO,Male,China
4,Zebedee,Hicks,FVR,Male,Botswana
5,Tynan,McGorley,NZA,Male,Tajikistan
6,Lodovico,Salle,MII,Male,Indonesia
7,Granville,Grassett,YGR,Male,Russia
8,Juliet,Cullotey,TFL,Bigender,Canada
9,Brigg,Brewett,PNR,Male,Mexico
10,Alli,Grinyov,DFP,Female,Brazil
11,Jasper,Delve,GUC,Male,Norway
12,Pauletta,Pache,TNW,Female,Indonesia
13,Hulda,Klee,LVD,Female,Czech Republic
14,Charline,Edinborough,LSH,Female,Philippines
15,Bryn,Adcocks,ROD,Male,China
16,Hertha,Kores,MYJ,Female,China
17,Gilbertina,Dickings,HUH,Female,Indonesia
18,Larry,Roisen,ELR,Male,Ireland
19,Myrtle,Beades,NRY,Female,Portugal
20,Estel,Swaine,PFQ,Female,China
21,Casandra,Fant,ZSW,Agender,Indonesia
22,Jonas,Allum,SYO,Male,Kenya
23,Florry,Scranedge,SEB,Female,Peru
24,Abby,Ellicott,TLE,Male,Czech Republic
25,Liam,Smittoune,BST,Male,Russia
26,Normy,McEnteggart,BSB,Male,United States
27,Gloriana,Kensington,KLL,Female,Iran
28,Alyda,Brennen,REW,Female,Costa Rica
29,Tamar,Ladson,SFC,Female,Russia
30,Todd,Golda,ACJ,Male,Zimbabwe
31,Ilse,Stutely,CEC,Female,Portugal
32,Winifield,Dorgon,0,Male,Indonesia
33,Creigh,Tremollet,LGG,Male,China
34,Ernesto,Shelf,MJU,Male,Philippines
35,Ailee,Spellard,SXF,Female,Brazil
36,Bernardine,Rigden,SKV,Polygender,Madagascar
37,Daile,Petrik,BXO,Female,China
38,Arvy,Scogin,VAD,Male,Philippines
39,Lenette,Roscow,FME,Female,Central African Republic
40,Kilian,Habberjam,PYL,Male,Ukraine
41,Eve,Skin,MEA,Female,Philippines
42,Francois,Soule,PHA,Agender,China
43,Toddy,Cowlas,FYV,Male,Venezuela
44,Jake,Andreoletti,TWA,Bigender,Indonesia
45,Nicola,Urpeth,OXB,Female,Indonesia
46,Roana,Sherwen,BRD,Female,China
47,Constantia,Budgen,MRV,Female,Philippines
48,Moyra,Talby,UBB,Female,Sweden
49,Cory,Karp,PAP,Male,Mexico
50,Burk,Schooling,TIP,Male,Peru
51,Katheryn,Athowe,HRZ,Female,Czech Republic
52,Jonah,Colbertson,DRB,Male,Peru
53,Mitzi,Luby,DAP,Female,China
54,Pasquale,Broadey,KEX,Male,Latvia
55,Jerad,Danton,CEA,Male,Malta
56,Conrad,Thornton-Dewhirst,BRW,Male,United Arab Emirates
57,Eugenie,Iseton,BEP,Female,Germany
58,Jobyna,Curreen,MNI,Female,Indonesia
59,Danya,Silbersak,DRO,Female,Russia
60,Shirley,Fittall,BWQ,Female,Brazil
61,Brigida,Rodders,GIC,Female,France
62,Fitz,Rattenbury,YEL,Male,China
63,Artemus,Dorre,YME,Male,Lithuania
64,Cobb,Lodwig,ARP,Male,Indonesia
65,Freeland,Hawley,YRB,Male,Ukraine
66,Bentley,Skellen,HNB,Male,Argentina
67,Bartel,Nodin,WUZ,Genderqueer,China
68,Gaspard,Looker,BAQ,Male,Indonesia
69,Edan,Adin,ZIN,Male,Brazil
70,Basia,Horsley,ZNE,Female,Malaysia
71,Alexis,Memory,0,Male,Russia
72,Caz,Lawey,VTE,Male,Palestinian Territory
73,Ali,Hellmer,PCR,Male,Argentina
74,Maren,Sammars,GKT,Female,Ethiopia
75,Marline,Bulley,YOW,Female,Indonesia
76,Trescha,Cobbledick,PTP,Female,Malaysia
77,Ade,Salla,NDD,Male,Uganda
78,Robinet,Danick,MUC,Male,Tanzania
79,Paula,Portsmouth,NDG,Genderqueer,New Zealand
80,Heidi,Floyed,PLB,Female,Chile
81,Laurette,Yabsley,CKW,Female,Belarus
82,Cami,Lemmer,REU,Female,Mexico
83,Blakelee,Savins,TEZ,Female,Philippines
84,Faulkner,Crisford,PDU,Male,China
85,Dennie,Dailly,FEN,Male,Poland
86,Tad,Cornbell,BKQ,Male,Indonesia
87,Shayne,McGrory,BVC,Polygender,Poland
88,Ida,Wake,JUN,Female,Greece
89,Aigneis,Elcoux,CND,Genderqueer,Indonesia
90,Mercie,Wilden,TOH,Female,Brazil
91,Harwell,Flasby,THX,Male,Afghanistan
92,Wendeline,Blunkett,KHG,Female,Ecuador
93,Tristam,Sambiedge,CBJ,Male,Croatia
94,Claudina,Jakoub,HBT,Female,Philippines
95,Lavena,Carlino,ZAD,Female,Germany
96,Tilda,Aitchison,BYD,Female,Peru
97,Kermie,Oneile,TZL,Male,Colombia
98,Goldy,Dowzell,OGZ,Female,Russia
99,Constancia,Maulden,FLH,Female,Paraguay
100,Pierre,Awcoate,YXJ,Male,China
101,Gloriane,Shafe,STU,Female,Russia
102,Berk,Duignan,OMK,Male,Peru
103,Noami,Ericssen,CLP,Genderfluid,Cuba
104,Trude,Cotton,KIU,Female,Ukraine
105,Nevin,Blampied,TRD,Male,Philippines
106,Melanie,Haddington,CCR,Female,China
107,Murial,Arrington,IFN,Female,Russia
108,Deb,Mapples,KUF,Female,United States
109,Brigitte,Crosoer,RCH,Female,Bolivia
110,Elianore,Giorgielli,NIF,Female,China
111,Bernelle,Mathwen,ICA,Genderfluid,Sweden
112,Andriette,De Fraine,TIF,Female,Greece
113,Chiquita,Lasselle,BMS,Female,Indonesia
114,Harris,Pitcaithley,TSG,Male,Pakistan
115,Marie-jeanne,Marcham,YTY,Female,China
116,Emory,Brenstuhl,CPS,Male,Indonesia
117,Antonia,Attree,SXI,Female,Syria
118,Elita,Lauthian,TRL,Female,Finland
119,Stanleigh,Berzen,TNA,Male,United States
120,Almira,Ranger,WON,Female,Honduras
121,Eamon,Langsdon,AIE,Male,China
122,Ingrim,Karpmann,VMU,Male,Indonesia
123,Vincents,Ley,YRV,Male,Bermuda
124,Reeva,Rego,CDQ,Female,Israel
125,Elmo,Cruise,PLL,Male,Indonesia
126,Rocky,Sibray,BQT,Non-binary,Indonesia
127,Martica,Francis,SPB,Female,Japan
128,Elspeth,Luckham,HTR,Female,Sweden
129,Rockwell,Severns,CAG,Male,Kazakhstan
130,Feodor,Humpatch,ZCL,Male,Yemen
131,Rhys,Valentinuzzi,TUU,Male,Indonesia
132,Lonnard,Dosdell,UMM,Male,China
133,Ingra,Weems,THQ,Male,Brazil
134,Enrica,Lanphere,GOO,Female,Sweden
135,Cyril,Whelpton,JMB,Male,Philippines
136,Karlan,Norgan,LLA,Male,China
137,Emelita,Chesterton,DNF,Female,Bangladesh
138,Penelope,Leak,ILZ,Genderfluid,Czech Republic
139,Fianna,Sollitt,YMV,Female,North Korea
140,Allayne,Ghest,EGC,Male,China
141,Casper,Olliffe,GRK,Male,Colombia
142,Shanan,Goodlad,UTP,Male,Finland
143,Rosina,Ouver,GOE,Female,Georgia
144,Ximenez,Klehyn,LNH,Male,Lithuania
145,Berty,Stalley,CLC,Male,China
146,Carley,Dykes,GSI,Bigender,Czech Republic
147,Filia,Redish,BDU,Female,United States
148,Levi,Skaife d'Ingerthorpe,BBG,Male,Ivory Coast
149,Willa,Balcock,BWE,Female,Philippines
150,Elnar,Bangle,0,Male,Ukraine
151,Martie,Jacmar,DHA,Male,Colombia
152,Pet,Gabits,TGO,Female,China
153,Vita,McGeraghty,DMU,Female,China
154,Frederich,Tindley,ECS,Male,Netherlands
155,Anton,Elkins,BVS,Male,Russia
156,Jane,Grishenkov,SRM,Bigender,Egypt
157,Friederike,Haycock,TYB,Female,Angola
158,Daniel,Stronghill,KWO,Male,Uganda
159,Gardiner,Yetton,MWV,Male,Japan
160,Aeriel,Merrilees,JAM,Female,Russia
161,Rosmunda,Blacker,YJF,Female,United States
162,Crawford,Shortcliffe,LTA,Male,Colombia
163,Melany,Winspare,MHY,Female,Portugal
164,Tabby,Stoffersen,TBO,Male,China
165,Carmine,Jeffcoate,EML,Female,China
166,Reed,Jekyll,RRS,Male,China
167,Eloise,Parmenter,AYW,Female,United States
168,Ikey,Bewshire,IRC,Male,China
169,Baryram,Monaghan,ORR,Male,Portugal
170,Papageno,Portriss,KNU,Male,Canada
171,Benedetto,Callender,RUH,Male,New Zealand
172,Tanny,Couche,KIQ,Male,Indonesia
173,Analiese,Fellis,YZG,Female,China
174,Raymond,Lillywhite,LMC,Male,French Polynesia
175,Rudiger,Jurries,CVF,Male,China
176,Emalee,Tebbut,AXA,Female,United States
177,Titos,Knappe,BEO,Male,Philippines
178,Correna,Rosenstengel,KIZ,Female,Japan
179,Leupold,Gerardi,KIJ,Male,Greece
180,Delilah,Childes,BFM,Female,Poland
181,Allen,Fearnsides,YRB,Agender,Bahamas
182,Roseanne,Frazier,OEL,Female,Marshall Islands
183,Jaclyn,Calloway,BOO,Female,Indonesia
184,Ruddy,Gagen,YTR,Male,China
185,Shaun,Sawdon,DTA,Male,Indonesia
186,Lawrence,Duham,BFH,Polygender,Philippines
187,Bradford,Alebrooke,DSS,Male,Peru
188,Cloe,Newey,MTG,Female,Peru
189,York,Bidgod,XMG,Male,Russia
190,Karee,Dymott,YPX,Polygender,Russia
191,Cindelyn,Hemshall,RNA,Female,Argentina
192,Nikola,Elms,OSK,Male,Sweden
193,Sheff,Camamile,SEB,Male,China
194,Carry,Boldt,BHN,Female,Mongolia
195,Carin,Winridge,CUR,Female,Indonesia
196,Chalmers,McBean,GKL,Male,China
197,Thaxter,Houseman,YXP,Male,Sweden
198,Nikita,Vahey,NGE,Male,Georgia
199,Bobbie,Sweedy,ELP,Male,Poland
200,Hermy,Pettegre,IYK,Male,Ireland
201,Krisha,Quartly,SFM,Male,Ecuador
202,Temple,Mityashev,JOK,Male,Pakistan
203,Jacquenette,Downe,PTM,Female,China
204,Melva,Presho,HVK,Female,Sweden
205,Patrick,Launchbury,YAZ,Male,China
206,Hannah,Fuster,WBR,Female,Serbia
207,Meta,Ambrogioni,BKO,Female,China
208,Pail,Saggers,DGO,Male,Ukraine
209,Madison,Maxwale,CDJ,Male,Argentina
210,Tabbatha,Greengrass,0,Female,Indonesia
211,Cristionna,Smead,WUI,Female,Czech Republic
212,Bar,Stannering,KHZ,Male,Portugal
213,Tillie,Rainy,EGH,Female,Sudan
214,Mattheus,Midford,MTL,Male,Poland
215,Ursola,Boak,OCA,Female,Brazil
216,Rakel,Downes,CWS,Female,Azerbaijan
217,Duffie,Pierton,UCK,Male,China
218,Charlie,Champneys,LAB,Male,Kyrgyzstan
219,Cloris,Dalmon,OFI,Female,Hungary
220,Modesta,Thecham,QUG,Female,Indonesia
221,Gray,Jurisic,BSA,Male,China
222,Noni,Barke,IQT,Female,China
223,Karilynn,Tyre,BYV,Female,Thailand
224,Heath,Maffioni,ORE,Female,Sweden
225,Jessa,Underdown,MZJ,Female,Ukraine
226,Gal,Bettesworth,HRO,Male,Chile
227,Sher,Arniz,TFN,Female,Philippines
228,Donall,Heijnen,SID,Male,Czech Republic
229,Tami,Lacky,BAZ,Female,Indonesia
230,Winslow,Duffill,FBU,Male,China
231,Janifer,Aguilar,EML,Female,China
232,Wernher,Pichmann,VHV,Male,Russia
233,Neville,McCracken,PEH,Male,United States
234,Bar,Ivanin,AKO,Male,China
235,Cordy,Ingley,LDA,Female,Eritrea
236,Chancey,Malcolm,GHT,Male,Russia
237,Barney,Giddins,EXT,Male,Pakistan
238,Onida,Filpo,0,Female,Indonesia
239,Bradley,Hanlon,YME,Male,Indonesia
240,Gayle,Semmence,OBY,Male,Peru
241,Patrick,Redborn,GIC,Male,China
242,Reid,Pikesley,TKT,Male,Indonesia
243,Yehudit,Camillo,WAB,Male,Ukraine
244,Bonita,Feld,NPR,Female,Latvia
245,Eduard,Lowey,YXK,Male,Indonesia
246,Bruis,Lillecrop,0,Male,Syria
247,Dorette,Diplock,KHV,Female,China
248,Sibel,Claige,DLU,Female,Malaysia
249,Lamont,Rohmer,KOS,Male,Indonesia
250,Timmi,Philippeaux,AAM,Female,Brazil
251,Jaclyn,Garthshore,LGM,Female,Brazil
252,Reinhard,Pethrick,STU,Male,Finland
253,Janean,Curuclis,QUO,Female,Sweden
254,Ingram,Sabbins,RUH,Male,France
255,Jen,Atter,YQG,Female,Netherlands
256,Giulio,Meiningen,FAS,Male,Hong Kong
257,Che,Tandy,IXV,Male,Indonesia
258,Wayne,Stailey,DNP,Male,Japan
259,Cherice,Philippe,FAU,Bigender,China
260,Graig,Kesterton,GVX,Genderfluid,China
261,Vina,Knoble,HVN,Genderfluid,China
262,Patricio,Wigin,KLY,Male,Czech Republic
263,Octavia,MacGowing,HKD,Female,China
264,Caron,Roper,HKG,Female,Malta
265,Cornell,Patriskson,MTX,Male,Ethiopia
266,Hamnet,Sayles,KGW,Male,Palestinian Territory
267,Erica,Trump,SEN,Female,Indonesia
268,Inessa,Hotchkin,MDF,Female,Portugal
269,Nichole,Kunz,SEY,Female,Chile
270,Uriel,Glanz,JPN,Male,Russia
271,Amabelle,Aldis,GLI,Genderfluid,Liberia
272,Boothe,Josifovic,ABX,Male,China
273,Violetta,Torrent,CFF,Female,China
274,Aloisia,Brackley,LIO,Female,Syria
275,Lisabeth,Celez,SYB,Female,Portugal
276,Athena,Diamant,GIR,Female,Yemen
277,Hyatt,Sturrock,CLK,Male,Kenya
278,Emmery,Batalle,LWT,Polygender,Russia
279,Alla,McKall,LDH,Female,China
280,Aime,Kingswell,ABE,Female,Tunisia
281,Lucita,Tinston,CYP,Female,Anguilla
282,Trever,Dozdill,ROL,Male,United States
283,Maxie,Januszewicz,UAR,Female,Russia
284,Ruthann,Spragg,CDR,Female,Peru
285,Ekaterina,Sewter,KEH,Female,Russia
286,Mirilla,Willicott,KHC,Female,Thailand
287,Felita,O'Flaherty,ACX,Polygender,Madagascar
288,Viola,O'Mailey,0,Agender,North Korea
289,Kaia,Dovydenas,GOI,Female,China
290,Olag,Puffett,JUO,Male,Belarus
291,Brendis,Cason,TRN,Male,Russia
292,Luciano,Rothwell,PPV,Male,Argentina
293,Aloise,Kunert,TMS,Female,United States
294,Arabella,Hurdedge,LLM,Female,France
295,Friedrick,Moncaster,RZR,Male,Sierra Leone
296,Monti,Hulks,IRU,Male,China
297,Glenden,Gerber,LPJ,Male,Philippines
298,Ailey,Ebbage,OGS,Female,China
299,Richie,Leahy,RBW,Bigender,Slovenia
300,Corenda,Watsam,CLM,Female,Russia
301,Ham,Giraldo,PMN,Male,China
302,West,Paolozzi,VLN,Male,Mexico
303,Andee,Isacsson,OSU,Female,Tanzania
304,Byron,Iacapucci,YKY,Male,France
305,Gilbert,Collier,PBG,Male,Poland
306,Petronella,Behling,DUF,Female,Colombia
307,Serena,Chittenden,LUG,Polygender,China
308,Lou,Underhill,COQ,Male,Pakistan
309,Sigismundo,Cunnell,TDZ,Male,Bangladesh
310,Lukas,Spafford,RHT,Male,Mali
311,Fabiano,Stathor,AWA,Male,Sweden
312,Tonnie,Morican,CHP,Male,Iraq
313,Doralyn,Luckham,XIE,Female,China
314,Eliza,Dalloway,ARC,Female,France
315,Dot,Aspy,0,Female,Ukraine
316,Kienan,Chilton,NDJ,Male,Japan
317,Dwayne,Goss,WAE,Male,Honduras
318,Ansley,Brito,FTX,Female,New Zealand
319,Barron,Van Waadenburg,URZ,Male,Brazil
320,Bryn,Shepherdson,AEO,Genderqueer,Portugal
321,Benoite,Hyndman,PHY,Female,Poland
322,Yvonne,Vannozzii,SQQ,Polygender,France
323,Chevalier,Jevons,TNF,Male,Portugal
324,Ashlin,Brookes,AAQ,Male,Morocco
325,Clint,Gradwell,HBU,Male,China
326,Marcello,Geraud,YRA,Male,Botswana
327,Killian,Joskowitz,BTT,Male,Indonesia
328,Denny,Zorzoni,YME,Male,Moldova
329,Perry,Livingston,SZZ,Female,Nicaragua
330,Wald,Kabos,DNA,Male,Thailand
331,Reeva,Heskins,PYY,Female,Greece
332,Michel,Fancutt,SSU,Female,China
333,Markus,Andryszczak,AHS,Male,Indonesia
334,Diane,MacKnight,CLP,Female,Russia
335,Shannon,Ilewicz,PYA,Female,China
336,Wolfgang,Follan,MDN,Male,Ukraine
337,Ralina,Baynon,XGG,Female,Russia
338,Twyla,Canario,AAP,Female,Croatia
339,Elvin,Sommerville,MGZ,Male,Tunisia
340,Antonie,Burdus,0,Female,China
341,Brynna,Vasyutichev,DOP,Female,Brazil
342,Paloma,Finlry,PTG,Female,France
343,Almeda,Fierro,ZNE,Genderfluid,Argentina
344,Denis,Kelwick,SIN,Male,Indonesia
345,Konrad,D'Adamo,ISQ,Male,Estonia
346,Trenton,Fearney,LGY,Male,China
347,Everett,Quinney,TRN,Male,Czech Republic
348,Pammie,Dedam,LRU,Female,China
349,Ranique,Ross,PDZ,Female,China
350,Lionello,Banister,MXI,Male,Sweden
351,Ring,Balducci,HAN,Male,Jordan
352,Donall,Alesin,HAY,Polygender,Kenya
353,Jaime,Shallcross,URM,Male,Indonesia
354,Newton,Oughtright,YBY,Male,Portugal
355,Marylinda,Harrald,OLR,Female,Sweden
356,Halimeda,Manass,MJB,Female,Finland
357,Noella,Leggis,JOJ,Female,China
358,Friedrick,Domokos,ALO,Male,United States
359,Suzann,Eim,CLA,Genderqueer,Tajikistan
360,Corrie,Knatt,PFJ,Male,Ukraine
361,Mei,Chmarny,ADL,Female,Argentina
362,Zitella,Drinkale,HXX,Female,Russia
363,Gertrude,Brabbs,EKA,Female,France
364,Belia,Pardey,YQC,Female,Philippines
365,Jody,Dyzart,YDA,Male,Indonesia
366,Morley,Boddington,LEK,Male,Philippines
367,Livvyy,MacCracken,OTK,Female,Slovenia
368,Winnie,Roll,ESC,Male,Portugal
369,Shaughn,Puckrin,TRF,Male,Portugal
370,Yves,McCotter,LPT,Male,United States
371,Philippa,Pippard,UND,Female,China
372,Porter,Strathern,PTO,Male,Indonesia
373,Ludvig,Serot,SEV,Male,Sweden
374,Guthry,Swale,SBH,Male,Russia
375,Vincents,Linny,LDG,Non-binary,Marshall Islands
376,Chance,Caren,TPR,Male,Central African Republic
377,Ashleigh,Kernoghan,TKR,Female,Indonesia
378,Cairistiona,Bissett,TDN,Female,Indonesia
379,Lucila,McQuie,MIM,Female,Denmark
380,Latia,Armsby,TCE,Genderqueer,Brazil
381,Brose,Willcocks,DWD,Male,Philippines
382,Tandi,Doulton,CAZ,Female,Portugal
383,Dulci,Nesbeth,SZJ,Female,France
384,Ambrosius,Lowth,PYX,Male,Belarus
385,Vaughan,Thebeaud,SXX,Male,Poland
386,Celestyna,Ernshaw,GIT,Female,Egypt
387,Quent,Brecken,CER,Male,Philippines
388,Octavia,Cary,KGG,Female,Japan
389,Norrie,Musselwhite,GGW,Agender,Portugal
390,Helaina,Doole,TNJ,Female,China
391,Jacobo,Jouannisson,HHQ,Male,Malaysia
392,Luella,Wankling,SXB,Non-binary,Indonesia
393,Gordon,Marchiso,UMT,Male,China
394,Dael,Castrillo,SYK,Male,Indonesia
395,Kingsley,Biasioni,SNL,Male,Russia
396,Vivyan,Proudlock,MWA,Female,Thailand
397,Sloan,Paylor,GDT,Male,Portugal
398,Joyous,Copes,UTT,Genderqueer,Iran
399,Desmond,Heintze,LEJ,Male,France
400,Guthry,Whorlton,BIX,Male,Jamaica
401,Sergio,Filewood,KRO,Male,Portugal
402,Gabie,Yelding,BMF,Male,Morocco
403,Zita,Beaten,YZZ,Female,Croatia
404,Gertrud,Cammish,YSC,Female,Albania
405,Eben,Mapowder,CIH,Male,South Africa
406,Eran,O'Keenan,GFK,Female,Philippines
407,Jamie,Pargeter,ABK,Female,Portugal
408,Marthe,Garling,EGV,Female,Japan
409,Isaiah,Clayworth,BQA,Male,China
410,Gregor,Karolyi,KLW,Male,China
411,Elberta,Brinsford,YIC,Female,Indonesia
412,Mireielle,Ginie,OAH,Female,Indonesia
413,Hildy,Northway,SXB,Female,Latvia
414,Abba,Crowley,HET,Male,China
415,Alejandra,Grist,RGO,Female,France
416,Kevin,McLise,0,Male,Russia
417,Shelby,Stancer,KSW,Female,Russia
418,Marcella,Roof,DTW,Female,Peru
419,Conant,Buey,FDF,Male,Iran
420,Maryrose,Hrishanok,BGA,Female,Poland
421,Hyatt,Pervoe,MJU,Male,China
422,Dalila,Pohlke,QCH,Female,China
423,Maure,Moorey,MMV,Bigender,China
424,Constantino,Iiannone,DSD,Male,Mexico
425,Marlow,Prevett,LRB,Genderfluid,China
426,Letitia,Rushworth,BMO,Female,Greece
427,Joby,Forcer,BPX,Female,China
428,Allie,Golding,GAW,Female,China
429,Yoshi,Roddan,ZSS,Genderfluid,Finland
430,Serena,Kinge,AEI,Female,Brazil
431,Burton,McTrustrie,0,Male,Belarus
432,Stanly,Berthouloume,SKN,Male,Sweden
433,Arther,Marzellano,INW,Male,Portugal
434,Gilburt,Broseke,GJM,Male,Japan
435,Wallace,Fassman,AXU,Male,Libya
436,Ki,Seebert,PBV,Female,United States
437,Maurise,Gristhwaite,RUA,Female,Indonesia
438,Kennett,Kemball,PKX,Male,Russia
439,Dennison,Slay,PYV,Male,Indonesia
440,Kikelia,Ilive,MAE,Female,Russia
441,Martelle,Bolderstone,CBM,Female,China
442,Iseabal,Laidlaw,YPI,Female,China
443,Sascha,Padula,CIO,Male,Finland
444,Lucias,Aery,AKL,Male,Russia
445,Hebert,Pimblotte,NTR,Male,Ukraine
446,Broderic,Pendlenton,SVK,Male,Afghanistan
447,Coriss,Bengefield,NNK,Female,Argentina
448,Dorothea,Beaument,TVY,Female,Malaysia
449,Feliza,Armytage,IAB,Female,Philippines
450,Brandtr,Matignon,RKP,Genderqueer,Philippines
451,Ferguson,Whetson,MND,Male,Philippines
452,Aeriell,Wincom,MCK,Female,China
453,Kirbee,Backe,TKD,Female,Ukraine
454,Vikky,Atterley,RKZ,Female,Libya
455,Britte,Maybey,IFF,Female,Philippines
456,Dedie,Semeniuk,KIB,Female,China
457,Dale,Roddam,VHV,Bigender,Slovenia
458,Timi,Smallbone,IWK,Female,China
459,Herrick,Renault,LHP,Male,Sweden
460,Burl,Adlard,JKL,Male,Chile
461,Delphine,Candlin,KUK,Female,Russia
462,Clemmie,Jorn,ONT,Male,Brazil
463,Spenser,Swalteridge,SQZ,Male,Nigeria
464,Kerk,Cancellario,MXZ,Male,Portugal
465,Phillis,Baynes,NOJ,Female,Morocco
466,Greta,Tolerton,LEF,Female,China
467,Edy,Clemo,TSW,Female,Sweden
468,Nefen,Lowing,KRX,Male,Russia
469,Sigismondo,Smethurst,LJG,Male,Honduras
470,Freddie,Lennie,YAZ,Male,Cambodia
471,Etta,Korb,HPR,Female,Poland
472,Marge,Burree,TOQ,Female,Haiti
473,Caitrin,Ruffli,TDZ,Polygender,Russia
474,Lionello,Geikie,MCH,Male,China
475,Kirsti,Karpenko,YDG,Female,Bulgaria
476,Glyn,Dutch,CNW,Male,Brazil
477,Danice,McLaughlin,SUM,Female,Argentina
478,Veriee,Tott,SSG,Female,Czech Republic
479,Kit,Barreau,VRB,Male,Indonesia
480,Base,Caught,WYB,Agender,Ukraine
481,Perle,Foulks,PKZ,Female,Poland
482,Desmund,Pendlebury,IQN,Male,China
483,Francesco,Symcock,YCF,Male,Portugal
484,Keefer,Amys,HNE,Male,Indonesia
485,Killie,Edinburgh,UGT,Male,Thailand
486,Lennie,Bonhill,FPY,Male,Japan
487,Wakefield,Eversfield,TSU,Male,China
488,Deanna,Medmore,MDG,Female,Greece
489,Dorie,Richt,MAI,Female,Portugal
490,Marne,Isac,NTO,Female,Greece
491,Sheryl,Ollin,CDV,Female,Brazil
492,Raye,McSperrin,URM,Non-binary,Pakistan
493,Rurik,Grinin,TAR,Male,Czech Republic
494,Lewiss,Cappineer,PXH,Male,Indonesia
495,Petronella,Sommerfeld,LWN,Female,Kenya
496,Benito,Bentke,BQG,Male,China
497,Seward,Hazeley,DAB,Male,Russia
498,Malia,Izac,HFN,Female,Portugal
499,Meara,Spratling,YBE,Female,Indonesia
500,Arlee,Padden,GOL,Female,Syria
